-- seed data
INSERT OR IGNORE INTO suppliers (id,name,short_name,contact,notes) VALUES (2,'더드립','더드립',NULL,NULL);
INSERT OR IGNORE INTO suppliers (id,name,short_name,contact,notes) VALUES (3,'레햄코리아','레햄',NULL,NULL);
INSERT OR IGNORE INTO suppliers (id,name,short_name,contact,notes) VALUES (4,'커만사','커만사',NULL,NULL);
INSERT OR IGNORE INTO suppliers (id,name,short_name,contact,notes) VALUES (5,'커피플랜트','커플',NULL,NULL);
INSERT OR IGNORE INTO suppliers (id,name,short_name,contact,notes) VALUES (6,'알마씨엘로','알마',NULL,NULL);
INSERT OR IGNORE INTO suppliers (id,name,short_name,contact,notes) VALUES (7,'소펙스코리아','소펙',NULL,NULL);
INSERT OR IGNORE INTO suppliers (id,name,short_name,contact,notes) VALUES (8,'커피리브레','리브레',NULL,NULL);

INSERT OR IGNORE INTO green_beans (id,name,supplier_id,origin_country,origin_region,process,grade,cup_notes,description,is_decaf,status) VALUES (2,'에티오피아 예가체프 G2',2,NULL,NULL,'워시드','커머셜','Floral, Herb, Tea-like, Apricot, Honey',NULL,0,'활성');
INSERT OR IGNORE INTO green_beans (id,name,supplier_id,origin_country,origin_region,process,grade,cup_notes,description,is_decaf,status) VALUES (3,'과테말라 제뉴인 안티구아',3,NULL,NULL,'워시드','프리미엄','코코아, 바닐라, 견과류',NULL,0,'활성');
INSERT OR IGNORE INTO green_beans (id,name,supplier_id,origin_country,origin_region,process,grade,cup_notes,description,is_decaf,status) VALUES (4,'에티오피아 시다모 벤사 봄베 G1',3,NULL,NULL,'내추럴','스페셜티','Floral, Blueberry, Dried mango',NULL,0,'활성');
INSERT OR IGNORE INTO green_beans (id,name,supplier_id,origin_country,origin_region,process,grade,cup_notes,description,is_decaf,status) VALUES (5,'에티오피아 콩가 내추럴 G1',3,NULL,NULL,'내추럴','스페셜티','Blueberry, guava, chocolate, caramel, fruit',NULL,0,'활성');
INSERT OR IGNORE INTO green_beans (id,name,supplier_id,origin_country,origin_region,process,grade,cup_notes,description,is_decaf,status) VALUES (6,'과테말라 안티구아',3,NULL,NULL,'워시드','컨벤셔널','',NULL,0,'활성');
INSERT OR IGNORE INTO green_beans (id,name,supplier_id,origin_country,origin_region,process,grade,cup_notes,description,is_decaf,status) VALUES (7,'디카페인 브라질 NY2 17/18 커피',3,NULL,NULL,'디카페인Co2','프리미엄','Smooth, balanced chocolate',NULL,1,'활성');
INSERT OR IGNORE INTO green_beans (id,name,supplier_id,origin_country,origin_region,process,grade,cup_notes,description,is_decaf,status) VALUES (8,'르완다 인조브 워시드 수프림',3,NULL,NULL,'워시드','프리미엄','Black berry, cranberry, orange juice, milk chocolate, pear',NULL,0,'활성');
INSERT OR IGNORE INTO green_beans (id,name,supplier_id,origin_country,origin_region,process,grade,cup_notes,description,is_decaf,status) VALUES (9,'브라질 세하도',3,NULL,NULL,'내추럴','컨벤셔널','',NULL,0,'활성');
INSERT OR IGNORE INTO green_beans (id,name,supplier_id,origin_country,origin_region,process,grade,cup_notes,description,is_decaf,status) VALUES (10,'브라질 BSCA 옐로우버본 술데미나스',3,NULL,NULL,'내추럴','스페셜티','Almond, walnut, toffee, cherry, maple, milk chocolate, clean & sweet',NULL,0,'활성');
INSERT OR IGNORE INTO green_beans (id,name,supplier_id,origin_country,origin_region,process,grade,cup_notes,description,is_decaf,status) VALUES (11,'아바야 게이샤',3,NULL,NULL,'내추럴','스페셜티','Deeply sweet, absoluty fruity, raspberry, strawberry, mango, apricot, lemon, chocolate, almond butter',NULL,0,'활성');
INSERT OR IGNORE INTO green_beans (id,name,supplier_id,origin_country,origin_region,process,grade,cup_notes,description,is_decaf,status) VALUES (12,'에티오피아 첼베사 워시드',3,NULL,NULL,'워시드','프리미엄','Jasmine, caramel, milk chocolate, lemon, raspberry jam, black tea',NULL,0,'활성');
INSERT OR IGNORE INTO green_beans (id,name,supplier_id,origin_country,origin_region,process,grade,cup_notes,description,is_decaf,status) VALUES (13,'에티오피아 코케 허니 내추럴',3,NULL,NULL,'내추럴','프리미엄','Complex aroma, peach, plum, rose, strawberry, honey, smooth body, sweet aftertaste',NULL,0,'활성');
INSERT OR IGNORE INTO green_beans (id,name,supplier_id,origin_country,origin_region,process,grade,cup_notes,description,is_decaf,status) VALUES (14,'예가체프 게뎁 방코 애너러빅 내추럴 G1',3,NULL,NULL,'무산소','스페셜티','Jasmine, fruity, blueberry, red grape, pineapple, peach, plum, caramel, sweet and balanced',NULL,0,'활성');
INSERT OR IGNORE INTO green_beans (id,name,supplier_id,origin_country,origin_region,process,grade,cup_notes,description,is_decaf,status) VALUES (15,'케냐 키루가 마이크로랏',3,NULL,NULL,'워시드','스페셜티','녹색 사과, 미묘한 풍미의 깊은 맛, 따뜻한 느낌',NULL,0,'활성');
INSERT OR IGNORE INTO green_beans (id,name,supplier_id,origin_country,origin_region,process,grade,cup_notes,description,is_decaf,status) VALUES (16,'케냐 AB 니에리',3,NULL,NULL,'워시드','프리미엄','Full body, lime, citrus, blackcurrant, berry, winey, chocolate',NULL,0,'활성');
INSERT OR IGNORE INTO green_beans (id,name,supplier_id,origin_country,origin_region,process,grade,cup_notes,description,is_decaf,status) VALUES (17,'코스타리카 SHB 팬시 따라주 라파스토라 프리메라',3,NULL,NULL,'워시드','프리미엄','Tangerine, chocolate, sweet, almond, butter, toast, clean',NULL,0,'활성');
INSERT OR IGNORE INTO green_beans (id,name,supplier_id,origin_country,origin_region,process,grade,cup_notes,description,is_decaf,status) VALUES (18,'콜롬비아 후일라 수프리모',3,NULL,NULL,'워시드','컨벤셔널','',NULL,0,'활성');
INSERT OR IGNORE INTO green_beans (id,name,supplier_id,origin_country,origin_region,process,grade,cup_notes,description,is_decaf,status) VALUES (19,'파푸아 뉴기니 시그리A',3,NULL,NULL,'워시드','프리미엄','chocolate, tart, almond, light spicy',NULL,0,'활성');
INSERT OR IGNORE INTO green_beans (id,name,supplier_id,origin_country,origin_region,process,grade,cup_notes,description,is_decaf,status) VALUES (20,'에티오피아 구지 모모라 내추럴 G1',3,NULL,NULL,'내추럴','스페셜티','Fruit sweetness, berry, citrus, peach, cane sugar, vanilla',NULL,0,'활성');
INSERT OR IGNORE INTO green_beans (id,name,supplier_id,origin_country,origin_region,process,grade,cup_notes,description,is_decaf,status) VALUES (21,'콜롬비아 핀카 엘 엔칸토 오렌지 버번 워시드-워터멜론 넥타',4,NULL,NULL,'워시드','스페셜티','수박바, 멜론, 라즈베리, 바닐라',NULL,0,'활성');
INSERT OR IGNORE INTO green_beans (id,name,supplier_id,origin_country,origin_region,process,grade,cup_notes,description,is_decaf,status) VALUES (22,'콜롬비아 엘파라이소 카스티죠 더블무산소 리치피치',5,NULL,NULL,'더블애너로빅','스페셜티','',NULL,0,'활성');
INSERT OR IGNORE INTO green_beans (id,name,supplier_id,origin_country,origin_region,process,grade,cup_notes,description,is_decaf,status) VALUES (23,'에티오피아 아바야 게이샤 G1 내추럴 크린베리 모히토',4,NULL,NULL,'내추럴','스페셜티','',NULL,0,'활성');
INSERT OR IGNORE INTO green_beans (id,name,supplier_id,origin_country,origin_region,process,grade,cup_notes,description,is_decaf,status) VALUES (24,'에티오피아 첼바 워시드 예가체프 G1',6,NULL,NULL,'워시드','스페셜티','',NULL,0,'활성');
INSERT OR IGNORE INTO green_beans (id,name,supplier_id,origin_country,origin_region,process,grade,cup_notes,description,is_decaf,status) VALUES (25,'예멘모카 마타리',3,NULL,NULL,'워시드','스페셜티','',NULL,0,'활성');
INSERT OR IGNORE INTO green_beans (id,name,supplier_id,origin_country,origin_region,process,grade,cup_notes,description,is_decaf,status) VALUES (26,'디카페인 콜롬비아 사탕수수 EA',3,NULL,NULL,'사탕수수 EA 디카페인','프리미엄','',NULL,1,'활성');
INSERT OR IGNORE INTO green_beans (id,name,supplier_id,origin_country,origin_region,process,grade,cup_notes,description,is_decaf,status) VALUES (27,'코스타리카 따라주 파스토라 SHB EP',7,NULL,NULL,'워시드','프리미엄','',NULL,0,'활성');
INSERT OR IGNORE INTO green_beans (id,name,supplier_id,origin_country,origin_region,process,grade,cup_notes,description,is_decaf,status) VALUES (28,'인도네시야 수마트라 만델링 G1 DP',7,NULL,NULL,'웻 훌링','프리미엄','',NULL,0,'활성');
INSERT OR IGNORE INTO green_beans (id,name,supplier_id,origin_country,origin_region,process,grade,cup_notes,description,is_decaf,status) VALUES (29,'브라질 BSCA 옐로우버본 술데미나스',3,NULL,NULL,'워시드','컨벤셔널','',NULL,0,'활성');
INSERT OR IGNORE INTO green_beans (id,name,supplier_id,origin_country,origin_region,process,grade,cup_notes,description,is_decaf,status) VALUES (30,'에티오피아 구지 함벨라 게넷',8,NULL,NULL,'워시드','스페셜티','',NULL,0,'활성');
INSERT OR IGNORE INTO green_beans (id,name,supplier_id,origin_country,origin_region,process,grade,cup_notes,description,is_decaf,status) VALUES (31,'디카페인 코스타리카 엘사르 데 사르세로 화이트 허니',8,NULL,NULL,'마운틴워터 디카페인','스페셜티','',NULL,1,'활성');
INSERT OR IGNORE INTO green_beans (id,name,supplier_id,origin_country,origin_region,process,grade,cup_notes,description,is_decaf,status) VALUES (32,'페루 라 프리마베라 게이샤',8,NULL,NULL,'워시드','스페셜티','',NULL,0,'활성');
INSERT OR IGNORE INTO green_beans (id,name,supplier_id,origin_country,origin_region,process,grade,cup_notes,description,is_decaf,status) VALUES (33,'디카페인 에티오피아 예가체프 할로 베리티 내추럴',8,NULL,NULL,'마운틴워터 디카페인','스페셜티','',NULL,1,'활성');
INSERT OR IGNORE INTO green_beans (id,name,supplier_id,origin_country,origin_region,process,grade,cup_notes,description,is_decaf,status) VALUES (34,'에티오피아 카파 비타 리브레 셀렉션',8,NULL,NULL,'워시드','스페셜티','',NULL,0,'활성');
INSERT OR IGNORE INTO green_beans (id,name,supplier_id,origin_country,origin_region,process,grade,cup_notes,description,is_decaf,status) VALUES (35,'에티오피아 벤치마지 게샤',8,NULL,NULL,'워시드','스페셜티','',NULL,0,'활성');
INSERT OR IGNORE INTO green_beans (id,name,supplier_id,origin_country,origin_region,process,grade,cup_notes,description,is_decaf,status) VALUES (36,'에티오피아 예가체프 코체레 G1 워시드',3,NULL,NULL,'워시드','스페셜티','',NULL,0,'활성');
INSERT OR IGNORE INTO green_beans (id,name,supplier_id,origin_country,origin_region,process,grade,cup_notes,description,is_decaf,status) VALUES (37,'에티오피아 예가체프 아리차 G1 워시드',3,NULL,NULL,'워시드','스페셜티','',NULL,0,'활성');
INSERT OR IGNORE INTO green_beans (id,name,supplier_id,origin_country,origin_region,process,grade,cup_notes,description,is_decaf,status) VALUES (38,'에티오피아 시다모 아이다 G2 워시드',3,NULL,NULL,'워시드','프리미엄','',NULL,0,'활성');
INSERT OR IGNORE INTO green_beans (id,name,supplier_id,origin_country,origin_region,process,grade,cup_notes,description,is_decaf,status) VALUES (39,'에티오피아 예가체프 G2 워시드',3,NULL,NULL,'워시드','프리미엄','',NULL,0,'활성');
INSERT OR IGNORE INTO green_beans (id,name,supplier_id,origin_country,origin_region,process,grade,cup_notes,description,is_decaf,status) VALUES (40,'니카라과 라 벤디시온 파카마라 내추럴',8,NULL,NULL,'내추럴','스페셜티','',NULL,0,'활성');
INSERT OR IGNORE INTO green_beans (id,name,supplier_id,origin_country,origin_region,process,grade,cup_notes,description,is_decaf,status) VALUES (41,'니카라과 베타니아 마라카투라',8,NULL,NULL,'워시드','스페셜티','',NULL,0,'활성');
INSERT OR IGNORE INTO green_beans (id,name,supplier_id,origin_country,origin_region,process,grade,cup_notes,description,is_decaf,status) VALUES (42,'니카라과 운 레갈로 데 디오스',8,NULL,NULL,'워시드','스페셜티','',NULL,0,'활성');
INSERT OR IGNORE INTO green_beans (id,name,supplier_id,origin_country,origin_region,process,grade,cup_notes,description,is_decaf,status) VALUES (43,'니카라과 핀카 리브레 셀렉션 Lot.1',8,NULL,NULL,'워시드','스페셜티','',NULL,0,'활성');
INSERT OR IGNORE INTO green_beans (id,name,supplier_id,origin_country,origin_region,process,grade,cup_notes,description,is_decaf,status) VALUES (44,'케냐 AA Plus 오타야',3,NULL,NULL,'워시드','','',NULL,0,'활성');
INSERT OR IGNORE INTO green_beans (id,name,supplier_id,origin_country,origin_region,process,grade,cup_notes,description,is_decaf,status) VALUES (45,'콜롬비아 핀카 엘파라이소 카스티요 워시드 리치피치',3,NULL,NULL,'무산소','스페셜티','',NULL,0,'활성');

INSERT OR IGNORE INTO purchases (id,green_bean_id,purchase_date,quantity_kg,unit_price,discount,total_price,lot_number,notes) VALUES (2,2,'2026-01-03',5.0,12900,0,64500,NULL,NULL);
INSERT OR IGNORE INTO purchases (id,green_bean_id,purchase_date,quantity_kg,unit_price,discount,total_price,lot_number,notes) VALUES (3,3,'2026-01-03',12.1,18000,0,217800,NULL,NULL);
INSERT OR IGNORE INTO purchases (id,green_bean_id,purchase_date,quantity_kg,unit_price,discount,total_price,lot_number,notes) VALUES (4,4,'2026-01-03',1.6,23000,0,36800,NULL,NULL);
INSERT OR IGNORE INTO purchases (id,green_bean_id,purchase_date,quantity_kg,unit_price,discount,total_price,lot_number,notes) VALUES (5,5,'2026-01-03',5.4,21500,0,116100,NULL,NULL);
INSERT OR IGNORE INTO purchases (id,green_bean_id,purchase_date,quantity_kg,unit_price,discount,total_price,lot_number,notes) VALUES (6,6,'2026-01-03',17.9,14800,0,264920,NULL,NULL);
INSERT OR IGNORE INTO purchases (id,green_bean_id,purchase_date,quantity_kg,unit_price,discount,total_price,lot_number,notes) VALUES (7,7,'2026-01-03',8.8,21300,0,187440,NULL,NULL);
INSERT OR IGNORE INTO purchases (id,green_bean_id,purchase_date,quantity_kg,unit_price,discount,total_price,lot_number,notes) VALUES (8,8,'2026-01-03',3.2,15500,0,49600,NULL,NULL);
INSERT OR IGNORE INTO purchases (id,green_bean_id,purchase_date,quantity_kg,unit_price,discount,total_price,lot_number,notes) VALUES (9,9,'2026-01-03',36.0,12300,2460,440340,NULL,NULL);
INSERT OR IGNORE INTO purchases (id,green_bean_id,purchase_date,quantity_kg,unit_price,discount,total_price,lot_number,notes) VALUES (10,10,'2026-01-03',1.0,17800,0,17800,NULL,NULL);
INSERT OR IGNORE INTO purchases (id,green_bean_id,purchase_date,quantity_kg,unit_price,discount,total_price,lot_number,notes) VALUES (11,11,'2026-01-03',2.0,21300,0,42600,NULL,NULL);
INSERT OR IGNORE INTO purchases (id,green_bean_id,purchase_date,quantity_kg,unit_price,discount,total_price,lot_number,notes) VALUES (12,12,'2026-01-03',4.4,23000,11000,90200,NULL,NULL);
INSERT OR IGNORE INTO purchases (id,green_bean_id,purchase_date,quantity_kg,unit_price,discount,total_price,lot_number,notes) VALUES (13,13,'2026-01-03',9.4,23900,47940,176720,NULL,NULL);
INSERT OR IGNORE INTO purchases (id,green_bean_id,purchase_date,quantity_kg,unit_price,discount,total_price,lot_number,notes) VALUES (14,14,'2026-01-03',6.6,23000,0,151800,NULL,NULL);
INSERT OR IGNORE INTO purchases (id,green_bean_id,purchase_date,quantity_kg,unit_price,discount,total_price,lot_number,notes) VALUES (15,15,'2026-01-03',7.1,19800,0,140580,NULL,NULL);
INSERT OR IGNORE INTO purchases (id,green_bean_id,purchase_date,quantity_kg,unit_price,discount,total_price,lot_number,notes) VALUES (16,16,'2026-01-03',6.1,12900,0,78690,NULL,NULL);
INSERT OR IGNORE INTO purchases (id,green_bean_id,purchase_date,quantity_kg,unit_price,discount,total_price,lot_number,notes) VALUES (17,17,'2026-01-03',6.6,17500,0,115500,NULL,NULL);
INSERT OR IGNORE INTO purchases (id,green_bean_id,purchase_date,quantity_kg,unit_price,discount,total_price,lot_number,notes) VALUES (18,18,'2026-01-03',17.9,13500,0,241649,NULL,NULL);
INSERT OR IGNORE INTO purchases (id,green_bean_id,purchase_date,quantity_kg,unit_price,discount,total_price,lot_number,notes) VALUES (19,19,'2026-01-03',2.7,16000,0,43200,NULL,NULL);
INSERT OR IGNORE INTO purchases (id,green_bean_id,purchase_date,quantity_kg,unit_price,discount,total_price,lot_number,notes) VALUES (20,20,'2026-01-03',7.1,21500,0,152650,NULL,NULL);
INSERT OR IGNORE INTO purchases (id,green_bean_id,purchase_date,quantity_kg,unit_price,discount,total_price,lot_number,notes) VALUES (21,21,'2026-01-03',1.5,49000,0,73500,NULL,NULL);
INSERT OR IGNORE INTO purchases (id,green_bean_id,purchase_date,quantity_kg,unit_price,discount,total_price,lot_number,notes) VALUES (22,22,'2026-01-03',1.0,41500,0,41500,NULL,NULL);
INSERT OR IGNORE INTO purchases (id,green_bean_id,purchase_date,quantity_kg,unit_price,discount,total_price,lot_number,notes) VALUES (23,23,'2026-01-03',5.0,21500,0,107500,NULL,NULL);
INSERT OR IGNORE INTO purchases (id,green_bean_id,purchase_date,quantity_kg,unit_price,discount,total_price,lot_number,notes) VALUES (24,24,'2026-01-03',2.0,19800,0,39600,NULL,NULL);
INSERT OR IGNORE INTO purchases (id,green_bean_id,purchase_date,quantity_kg,unit_price,discount,total_price,lot_number,notes) VALUES (25,25,'2026-01-03',0.5,32400,0,16200,NULL,NULL);
INSERT OR IGNORE INTO purchases (id,green_bean_id,purchase_date,quantity_kg,unit_price,discount,total_price,lot_number,notes) VALUES (26,9,'2026-04-06',40.0,12600,0,504000,NULL,NULL);
INSERT OR IGNORE INTO purchases (id,green_bean_id,purchase_date,quantity_kg,unit_price,discount,total_price,lot_number,notes) VALUES (27,18,'2026-04-06',20.0,13800,0,276000,NULL,NULL);
INSERT OR IGNORE INTO purchases (id,green_bean_id,purchase_date,quantity_kg,unit_price,discount,total_price,lot_number,notes) VALUES (28,6,'2026-04-06',20.0,14300,0,286000,NULL,NULL);
INSERT OR IGNORE INTO purchases (id,green_bean_id,purchase_date,quantity_kg,unit_price,discount,total_price,lot_number,notes) VALUES (29,26,'2026-04-06',20.0,18000,0,360000,NULL,NULL);
INSERT OR IGNORE INTO purchases (id,green_bean_id,purchase_date,quantity_kg,unit_price,discount,total_price,lot_number,notes) VALUES (30,27,'2026-04-06',20.0,15400,24000,284000,NULL,NULL);
INSERT OR IGNORE INTO purchases (id,green_bean_id,purchase_date,quantity_kg,unit_price,discount,total_price,lot_number,notes) VALUES (31,28,'2026-04-06',20.0,14700,12000,282000,NULL,NULL);
INSERT OR IGNORE INTO purchases (id,green_bean_id,purchase_date,quantity_kg,unit_price,discount,total_price,lot_number,notes) VALUES (32,9,'2026-04-16',20.0,12600,0,252000,NULL,NULL);
INSERT OR IGNORE INTO purchases (id,green_bean_id,purchase_date,quantity_kg,unit_price,discount,total_price,lot_number,notes) VALUES (33,18,'2026-04-16',10.0,13800,0,138000,NULL,NULL);
INSERT OR IGNORE INTO purchases (id,green_bean_id,purchase_date,quantity_kg,unit_price,discount,total_price,lot_number,notes) VALUES (34,6,'2026-04-16',10.0,14300,2000,141000,NULL,NULL);
INSERT OR IGNORE INTO purchases (id,green_bean_id,purchase_date,quantity_kg,unit_price,discount,total_price,lot_number,notes) VALUES (35,29,'2026-04-16',10.0,17300,28000,145000,NULL,NULL);
INSERT OR IGNORE INTO purchases (id,green_bean_id,purchase_date,quantity_kg,unit_price,discount,total_price,lot_number,notes) VALUES (36,30,'2026-04-16',10.0,20700,0,207000,NULL,NULL);
INSERT OR IGNORE INTO purchases (id,green_bean_id,purchase_date,quantity_kg,unit_price,discount,total_price,lot_number,notes) VALUES (37,31,'2026-04-16',1.0,26000,0,26000,NULL,NULL);
INSERT OR IGNORE INTO purchases (id,green_bean_id,purchase_date,quantity_kg,unit_price,discount,total_price,lot_number,notes) VALUES (38,32,'2026-04-16',1.0,42000,0,42000,NULL,NULL);
INSERT OR IGNORE INTO purchases (id,green_bean_id,purchase_date,quantity_kg,unit_price,discount,total_price,lot_number,notes) VALUES (39,33,'2026-04-16',1.0,27500,0,27500,NULL,NULL);
INSERT OR IGNORE INTO purchases (id,green_bean_id,purchase_date,quantity_kg,unit_price,discount,total_price,lot_number,notes) VALUES (40,34,'2026-04-16',1.0,17800,0,17800,NULL,NULL);
INSERT OR IGNORE INTO purchases (id,green_bean_id,purchase_date,quantity_kg,unit_price,discount,total_price,lot_number,notes) VALUES (41,35,'2026-04-16',1.0,23500,0,23500,NULL,NULL);
INSERT OR IGNORE INTO purchases (id,green_bean_id,purchase_date,quantity_kg,unit_price,discount,total_price,lot_number,notes) VALUES (42,34,'2026-04-20',20.0,17800,40000,316000,NULL,NULL);
INSERT OR IGNORE INTO purchases (id,green_bean_id,purchase_date,quantity_kg,unit_price,discount,total_price,lot_number,notes) VALUES (43,33,'2026-04-20',5.0,27500,0,137500,NULL,NULL);
INSERT OR IGNORE INTO purchases (id,green_bean_id,purchase_date,quantity_kg,unit_price,discount,total_price,lot_number,notes) VALUES (44,36,'2026-04-27',10.0,20000,0,200000,NULL,NULL);
INSERT OR IGNORE INTO purchases (id,green_bean_id,purchase_date,quantity_kg,unit_price,discount,total_price,lot_number,notes) VALUES (45,37,'2026-04-27',10.0,19500,0,195000,NULL,NULL);
INSERT OR IGNORE INTO purchases (id,green_bean_id,purchase_date,quantity_kg,unit_price,discount,total_price,lot_number,notes) VALUES (46,38,'2026-04-27',5.0,14500,0,72500,NULL,NULL);
INSERT OR IGNORE INTO purchases (id,green_bean_id,purchase_date,quantity_kg,unit_price,discount,total_price,lot_number,notes) VALUES (47,39,'2026-04-27',5.0,15000,0,75000,NULL,NULL);
INSERT OR IGNORE INTO purchases (id,green_bean_id,purchase_date,quantity_kg,unit_price,discount,total_price,lot_number,notes) VALUES (48,40,'2026-04-29',1.0,23600,0,23600,NULL,NULL);
INSERT OR IGNORE INTO purchases (id,green_bean_id,purchase_date,quantity_kg,unit_price,discount,total_price,lot_number,notes) VALUES (49,41,'2026-04-29',1.0,23600,0,23600,NULL,NULL);
INSERT OR IGNORE INTO purchases (id,green_bean_id,purchase_date,quantity_kg,unit_price,discount,total_price,lot_number,notes) VALUES (50,42,'2026-04-29',1.0,20700,0,20700,NULL,NULL);
INSERT OR IGNORE INTO purchases (id,green_bean_id,purchase_date,quantity_kg,unit_price,discount,total_price,lot_number,notes) VALUES (51,43,'2026-04-29',1.0,19000,0,19000,NULL,NULL);
INSERT OR IGNORE INTO purchases (id,green_bean_id,purchase_date,quantity_kg,unit_price,discount,total_price,lot_number,notes) VALUES (52,33,'2026-05-05',30.0,27500,60000,765000,NULL,NULL);
INSERT OR IGNORE INTO purchases (id,green_bean_id,purchase_date,quantity_kg,unit_price,discount,total_price,lot_number,notes) VALUES (53,44,'2026-05-15',2.0,19700,5400,34000,NULL,NULL);
INSERT OR IGNORE INTO purchases (id,green_bean_id,purchase_date,quantity_kg,unit_price,discount,total_price,lot_number,notes) VALUES (54,45,'2026-05-15',2.0,46000,8000,84000,NULL,NULL);
INSERT OR IGNORE INTO purchases (id,green_bean_id,purchase_date,quantity_kg,unit_price,discount,total_price,lot_number,notes) VALUES (55,26,'2026-05-15',10.0,18000,0,180000,NULL,NULL);

INSERT OR IGNORE INTO roasting_logs (id,green_bean_id,roast_date,input_weight_g,output_weight_g,moisture_loss_pct,roast_level,notes,coffee_id) VALUES (2,9,'2026-01-03',700.0,590.0,15.71,NULL,NULL,NULL);
INSERT OR IGNORE INTO roasting_logs (id,green_bean_id,roast_date,input_weight_g,output_weight_g,moisture_loss_pct,roast_level,notes,coffee_id) VALUES (3,9,'2026-01-03',700.0,591.3,15.53,NULL,NULL,NULL);
INSERT OR IGNORE INTO roasting_logs (id,green_bean_id,roast_date,input_weight_g,output_weight_g,moisture_loss_pct,roast_level,notes,coffee_id) VALUES (4,9,'2026-01-03',700.0,592.2,15.4,NULL,NULL,NULL);
INSERT OR IGNORE INTO roasting_logs (id,green_bean_id,roast_date,input_weight_g,output_weight_g,moisture_loss_pct,roast_level,notes,coffee_id) VALUES (5,9,'2026-01-03',700.0,590.3,15.67,NULL,NULL,NULL);
INSERT OR IGNORE INTO roasting_logs (id,green_bean_id,roast_date,input_weight_g,output_weight_g,moisture_loss_pct,roast_level,notes,coffee_id) VALUES (6,9,'2026-01-03',700.0,592.0,15.43,NULL,NULL,NULL);
INSERT OR IGNORE INTO roasting_logs (id,green_bean_id,roast_date,input_weight_g,output_weight_g,moisture_loss_pct,roast_level,notes,coffee_id) VALUES (7,9,'2026-01-03',700.0,591.2,15.54,NULL,NULL,NULL);
INSERT OR IGNORE INTO roasting_logs (id,green_bean_id,roast_date,input_weight_g,output_weight_g,moisture_loss_pct,roast_level,notes,coffee_id) VALUES (8,18,'2026-01-03',700.0,575.1,17.84,NULL,NULL,NULL);
INSERT OR IGNORE INTO roasting_logs (id,green_bean_id,roast_date,input_weight_g,output_weight_g,moisture_loss_pct,roast_level,notes,coffee_id) VALUES (9,18,'2026-01-03',700.0,576.1,17.7,NULL,NULL,NULL);
INSERT OR IGNORE INTO roasting_logs (id,green_bean_id,roast_date,input_weight_g,output_weight_g,moisture_loss_pct,roast_level,notes,coffee_id) VALUES (10,18,'2026-01-03',700.0,574.8,17.89,NULL,NULL,NULL);
INSERT OR IGNORE INTO roasting_logs (id,green_bean_id,roast_date,input_weight_g,output_weight_g,moisture_loss_pct,roast_level,notes,coffee_id) VALUES (11,6,'2026-01-03',700.0,588.2,15.97,NULL,NULL,NULL);
INSERT OR IGNORE INTO roasting_logs (id,green_bean_id,roast_date,input_weight_g,output_weight_g,moisture_loss_pct,roast_level,notes,coffee_id) VALUES (12,6,'2026-01-03',700.0,587.8,16.03,NULL,NULL,NULL);
INSERT OR IGNORE INTO roasting_logs (id,green_bean_id,roast_date,input_weight_g,output_weight_g,moisture_loss_pct,roast_level,notes,coffee_id) VALUES (13,6,'2026-01-03',700.0,585.2,16.4,NULL,NULL,NULL);
INSERT OR IGNORE INTO roasting_logs (id,green_bean_id,roast_date,input_weight_g,output_weight_g,moisture_loss_pct,roast_level,notes,coffee_id) VALUES (14,3,'2026-01-03',600.0,509.4,15.1,NULL,NULL,NULL);
INSERT OR IGNORE INTO roasting_logs (id,green_bean_id,roast_date,input_weight_g,output_weight_g,moisture_loss_pct,roast_level,notes,coffee_id) VALUES (15,15,'2026-01-03',600.0,526.5,12.25,NULL,NULL,NULL);
INSERT OR IGNORE INTO roasting_logs (id,green_bean_id,roast_date,input_weight_g,output_weight_g,moisture_loss_pct,roast_level,notes,coffee_id) VALUES (16,19,'2026-01-03',600.0,519.6,13.4,NULL,NULL,NULL);
INSERT OR IGNORE INTO roasting_logs (id,green_bean_id,roast_date,input_weight_g,output_weight_g,moisture_loss_pct,roast_level,notes,coffee_id) VALUES (17,5,'2026-01-03',600.0,515.3,14.12,NULL,NULL,NULL);
INSERT OR IGNORE INTO roasting_logs (id,green_bean_id,roast_date,input_weight_g,output_weight_g,moisture_loss_pct,roast_level,notes,coffee_id) VALUES (18,9,'2026-01-10',700.0,588.5,15.93,NULL,NULL,NULL);
INSERT OR IGNORE INTO roasting_logs (id,green_bean_id,roast_date,input_weight_g,output_weight_g,moisture_loss_pct,roast_level,notes,coffee_id) VALUES (19,9,'2026-01-10',700.0,589.6,15.77,NULL,NULL,NULL);
INSERT OR IGNORE INTO roasting_logs (id,green_bean_id,roast_date,input_weight_g,output_weight_g,moisture_loss_pct,roast_level,notes,coffee_id) VALUES (20,9,'2026-01-10',700.0,590.8,15.6,NULL,NULL,NULL);
INSERT OR IGNORE INTO roasting_logs (id,green_bean_id,roast_date,input_weight_g,output_weight_g,moisture_loss_pct,roast_level,notes,coffee_id) VALUES (21,9,'2026-01-10',700.0,582.7,16.76,NULL,NULL,NULL);
INSERT OR IGNORE INTO roasting_logs (id,green_bean_id,roast_date,input_weight_g,output_weight_g,moisture_loss_pct,roast_level,notes,coffee_id) VALUES (22,9,'2026-01-10',700.0,591.2,15.54,NULL,NULL,NULL);
INSERT OR IGNORE INTO roasting_logs (id,green_bean_id,roast_date,input_weight_g,output_weight_g,moisture_loss_pct,roast_level,notes,coffee_id) VALUES (23,9,'2026-01-10',700.0,590.0,15.71,NULL,NULL,NULL);
INSERT OR IGNORE INTO roasting_logs (id,green_bean_id,roast_date,input_weight_g,output_weight_g,moisture_loss_pct,roast_level,notes,coffee_id) VALUES (24,18,'2026-01-10',700.0,573.3,18.1,NULL,NULL,NULL);
INSERT OR IGNORE INTO roasting_logs (id,green_bean_id,roast_date,input_weight_g,output_weight_g,moisture_loss_pct,roast_level,notes,coffee_id) VALUES (25,18,'2026-01-10',700.0,575.6,17.77,NULL,NULL,NULL);
INSERT OR IGNORE INTO roasting_logs (id,green_bean_id,roast_date,input_weight_g,output_weight_g,moisture_loss_pct,roast_level,notes,coffee_id) VALUES (26,18,'2026-01-10',700.0,575.0,17.86,NULL,NULL,NULL);
INSERT OR IGNORE INTO roasting_logs (id,green_bean_id,roast_date,input_weight_g,output_weight_g,moisture_loss_pct,roast_level,notes,coffee_id) VALUES (27,6,'2026-01-10',700.0,585.4,16.37,NULL,NULL,NULL);
INSERT OR IGNORE INTO roasting_logs (id,green_bean_id,roast_date,input_weight_g,output_weight_g,moisture_loss_pct,roast_level,notes,coffee_id) VALUES (28,6,'2026-01-10',700.0,586.3,16.24,NULL,NULL,NULL);
INSERT OR IGNORE INTO roasting_logs (id,green_bean_id,roast_date,input_weight_g,output_weight_g,moisture_loss_pct,roast_level,notes,coffee_id) VALUES (29,6,'2026-01-10',700.0,586.0,16.29,NULL,NULL,NULL);
INSERT OR IGNORE INTO roasting_logs (id,green_bean_id,roast_date,input_weight_g,output_weight_g,moisture_loss_pct,roast_level,notes,coffee_id) VALUES (30,7,'2026-01-10',600.0,519.2,13.47,NULL,NULL,NULL);
INSERT OR IGNORE INTO roasting_logs (id,green_bean_id,roast_date,input_weight_g,output_weight_g,moisture_loss_pct,roast_level,notes,coffee_id) VALUES (31,15,'2026-01-10',600.0,524.5,12.58,NULL,NULL,NULL);
INSERT OR IGNORE INTO roasting_logs (id,green_bean_id,roast_date,input_weight_g,output_weight_g,moisture_loss_pct,roast_level,notes,coffee_id) VALUES (32,16,'2026-01-10',600.0,519.5,13.42,NULL,NULL,NULL);
INSERT OR IGNORE INTO roasting_logs (id,green_bean_id,roast_date,input_weight_g,output_weight_g,moisture_loss_pct,roast_level,notes,coffee_id) VALUES (33,11,'2026-01-10',600.0,514.5,14.25,NULL,NULL,NULL);
INSERT OR IGNORE INTO roasting_logs (id,green_bean_id,roast_date,input_weight_g,output_weight_g,moisture_loss_pct,roast_level,notes,coffee_id) VALUES (34,17,'2026-01-10',600.0,511.9,14.68,NULL,NULL,NULL);
INSERT OR IGNORE INTO roasting_logs (id,green_bean_id,roast_date,input_weight_g,output_weight_g,moisture_loss_pct,roast_level,notes,coffee_id) VALUES (35,8,'2026-01-10',600.0,508.9,15.18,NULL,NULL,NULL);
INSERT OR IGNORE INTO roasting_logs (id,green_bean_id,roast_date,input_weight_g,output_weight_g,moisture_loss_pct,roast_level,notes,coffee_id) VALUES (36,14,'2026-01-10',600.0,514.4,14.27,NULL,NULL,NULL);
INSERT OR IGNORE INTO roasting_logs (id,green_bean_id,roast_date,input_weight_g,output_weight_g,moisture_loss_pct,roast_level,notes,coffee_id) VALUES (37,9,'2026-01-17',700.0,589.2,15.83,NULL,NULL,NULL);
INSERT OR IGNORE INTO roasting_logs (id,green_bean_id,roast_date,input_weight_g,output_weight_g,moisture_loss_pct,roast_level,notes,coffee_id) VALUES (38,9,'2026-01-17',700.0,590.5,15.64,NULL,NULL,NULL);
INSERT OR IGNORE INTO roasting_logs (id,green_bean_id,roast_date,input_weight_g,output_weight_g,moisture_loss_pct,roast_level,notes,coffee_id) VALUES (39,9,'2026-01-17',700.0,590.4,15.66,NULL,NULL,NULL);
INSERT OR IGNORE INTO roasting_logs (id,green_bean_id,roast_date,input_weight_g,output_weight_g,moisture_loss_pct,roast_level,notes,coffee_id) VALUES (40,9,'2026-01-17',700.0,589.7,15.76,NULL,NULL,NULL);
INSERT OR IGNORE INTO roasting_logs (id,green_bean_id,roast_date,input_weight_g,output_weight_g,moisture_loss_pct,roast_level,notes,coffee_id) VALUES (41,18,'2026-01-17',700.0,571.4,18.37,NULL,NULL,NULL);
INSERT OR IGNORE INTO roasting_logs (id,green_bean_id,roast_date,input_weight_g,output_weight_g,moisture_loss_pct,roast_level,notes,coffee_id) VALUES (42,18,'2026-01-17',700.0,572.5,18.21,NULL,NULL,NULL);
INSERT OR IGNORE INTO roasting_logs (id,green_bean_id,roast_date,input_weight_g,output_weight_g,moisture_loss_pct,roast_level,notes,coffee_id) VALUES (43,6,'2026-01-17',700.0,586.7,16.19,NULL,NULL,NULL);
INSERT OR IGNORE INTO roasting_logs (id,green_bean_id,roast_date,input_weight_g,output_weight_g,moisture_loss_pct,roast_level,notes,coffee_id) VALUES (44,6,'2026-01-17',700.0,585.6,16.34,NULL,NULL,NULL);
INSERT OR IGNORE INTO roasting_logs (id,green_bean_id,roast_date,input_weight_g,output_weight_g,moisture_loss_pct,roast_level,notes,coffee_id) VALUES (45,7,'2026-01-17',600.0,519.0,13.5,NULL,NULL,NULL);
INSERT OR IGNORE INTO roasting_logs (id,green_bean_id,roast_date,input_weight_g,output_weight_g,moisture_loss_pct,roast_level,notes,coffee_id) VALUES (46,12,'2026-01-17',600.0,531.6,11.4,NULL,NULL,NULL);
INSERT OR IGNORE INTO roasting_logs (id,green_bean_id,roast_date,input_weight_g,output_weight_g,moisture_loss_pct,roast_level,notes,coffee_id) VALUES (47,5,'2026-01-17',600.0,514.9,14.18,NULL,NULL,NULL);
INSERT OR IGNORE INTO roasting_logs (id,green_bean_id,roast_date,input_weight_g,output_weight_g,moisture_loss_pct,roast_level,notes,coffee_id) VALUES (48,20,'2026-01-17',600.0,518.3,13.62,NULL,NULL,NULL);
INSERT OR IGNORE INTO roasting_logs (id,green_bean_id,roast_date,input_weight_g,output_weight_g,moisture_loss_pct,roast_level,notes,coffee_id) VALUES (49,21,'2026-01-17',600.0,518.4,13.6,NULL,NULL,NULL);
INSERT OR IGNORE INTO roasting_logs (id,green_bean_id,roast_date,input_weight_g,output_weight_g,moisture_loss_pct,roast_level,notes,coffee_id) VALUES (50,19,'2026-01-17',600.0,516.3,13.95,NULL,NULL,NULL);
INSERT OR IGNORE INTO roasting_logs (id,green_bean_id,roast_date,input_weight_g,output_weight_g,moisture_loss_pct,roast_level,notes,coffee_id) VALUES (51,22,'2026-01-18',500.0,430.2,13.96,NULL,NULL,NULL);
INSERT OR IGNORE INTO roasting_logs (id,green_bean_id,roast_date,input_weight_g,output_weight_g,moisture_loss_pct,roast_level,notes,coffee_id) VALUES (52,13,'2026-01-18',600.0,506.5,15.58,NULL,NULL,NULL);
INSERT OR IGNORE INTO roasting_logs (id,green_bean_id,roast_date,input_weight_g,output_weight_g,moisture_loss_pct,roast_level,notes,coffee_id) VALUES (53,22,'2026-01-18',500.0,430.6,13.88,NULL,NULL,NULL);
INSERT OR IGNORE INTO roasting_logs (id,green_bean_id,roast_date,input_weight_g,output_weight_g,moisture_loss_pct,roast_level,notes,coffee_id) VALUES (54,9,'2026-01-24',700.0,589.2,15.83,NULL,NULL,NULL);
INSERT OR IGNORE INTO roasting_logs (id,green_bean_id,roast_date,input_weight_g,output_weight_g,moisture_loss_pct,roast_level,notes,coffee_id) VALUES (55,9,'2026-01-24',700.0,590.8,15.6,NULL,NULL,NULL);
INSERT OR IGNORE INTO roasting_logs (id,green_bean_id,roast_date,input_weight_g,output_weight_g,moisture_loss_pct,roast_level,notes,coffee_id) VALUES (56,9,'2026-01-24',700.0,590.3,15.67,NULL,NULL,NULL);
INSERT OR IGNORE INTO roasting_logs (id,green_bean_id,roast_date,input_weight_g,output_weight_g,moisture_loss_pct,roast_level,notes,coffee_id) VALUES (57,9,'2026-01-24',700.0,590.8,15.6,NULL,NULL,NULL);
INSERT OR IGNORE INTO roasting_logs (id,green_bean_id,roast_date,input_weight_g,output_weight_g,moisture_loss_pct,roast_level,notes,coffee_id) VALUES (58,18,'2026-01-24',700.0,584.2,16.54,NULL,NULL,NULL);
INSERT OR IGNORE INTO roasting_logs (id,green_bean_id,roast_date,input_weight_g,output_weight_g,moisture_loss_pct,roast_level,notes,coffee_id) VALUES (59,18,'2026-01-24',700.0,585.0,16.43,NULL,NULL,NULL);
INSERT OR IGNORE INTO roasting_logs (id,green_bean_id,roast_date,input_weight_g,output_weight_g,moisture_loss_pct,roast_level,notes,coffee_id) VALUES (60,6,'2026-01-24',700.0,590.8,15.6,NULL,NULL,NULL);
INSERT OR IGNORE INTO roasting_logs (id,green_bean_id,roast_date,input_weight_g,output_weight_g,moisture_loss_pct,roast_level,notes,coffee_id) VALUES (61,6,'2026-01-24',700.0,592.7,15.33,NULL,NULL,NULL);
INSERT OR IGNORE INTO roasting_logs (id,green_bean_id,roast_date,input_weight_g,output_weight_g,moisture_loss_pct,roast_level,notes,coffee_id) VALUES (62,7,'2026-01-24',600.0,516.9,13.85,NULL,NULL,NULL);
INSERT OR IGNORE INTO roasting_logs (id,green_bean_id,roast_date,input_weight_g,output_weight_g,moisture_loss_pct,roast_level,notes,coffee_id) VALUES (63,23,'2026-01-24',600.0,508.6,15.23,NULL,NULL,NULL);
INSERT OR IGNORE INTO roasting_logs (id,green_bean_id,roast_date,input_weight_g,output_weight_g,moisture_loss_pct,roast_level,notes,coffee_id) VALUES (64,3,'2026-01-24',600.0,509.8,15.03,NULL,NULL,NULL);
INSERT OR IGNORE INTO roasting_logs (id,green_bean_id,roast_date,input_weight_g,output_weight_g,moisture_loss_pct,roast_level,notes,coffee_id) VALUES (65,20,'2026-01-24',600.0,517.0,13.83,NULL,NULL,NULL);
INSERT OR IGNORE INTO roasting_logs (id,green_bean_id,roast_date,input_weight_g,output_weight_g,moisture_loss_pct,roast_level,notes,coffee_id) VALUES (66,17,'2026-01-24',600.0,513.0,14.5,NULL,NULL,NULL);
INSERT OR IGNORE INTO roasting_logs (id,green_bean_id,roast_date,input_weight_g,output_weight_g,moisture_loss_pct,roast_level,notes,coffee_id) VALUES (67,12,'2026-01-24',600.0,530.1,11.65,NULL,NULL,NULL);
INSERT OR IGNORE INTO roasting_logs (id,green_bean_id,roast_date,input_weight_g,output_weight_g,moisture_loss_pct,roast_level,notes,coffee_id) VALUES (68,4,'2026-01-24',600.0,521.9,13.02,NULL,NULL,NULL);
INSERT OR IGNORE INTO roasting_logs (id,green_bean_id,roast_date,input_weight_g,output_weight_g,moisture_loss_pct,roast_level,notes,coffee_id) VALUES (69,12,'2026-01-24',600.0,532.1,11.32,NULL,NULL,NULL);
INSERT OR IGNORE INTO roasting_logs (id,green_bean_id,roast_date,input_weight_g,output_weight_g,moisture_loss_pct,roast_level,notes,coffee_id) VALUES (70,16,'2026-01-24',531.0,457.8,13.79,NULL,NULL,NULL);
INSERT OR IGNORE INTO roasting_logs (id,green_bean_id,roast_date,input_weight_g,output_weight_g,moisture_loss_pct,roast_level,notes,coffee_id) VALUES (71,9,'2026-01-31',700.0,593.3,15.24,NULL,NULL,NULL);
INSERT OR IGNORE INTO roasting_logs (id,green_bean_id,roast_date,input_weight_g,output_weight_g,moisture_loss_pct,roast_level,notes,coffee_id) VALUES (72,9,'2026-01-31',700.0,594.9,15.01,NULL,NULL,NULL);
INSERT OR IGNORE INTO roasting_logs (id,green_bean_id,roast_date,input_weight_g,output_weight_g,moisture_loss_pct,roast_level,notes,coffee_id) VALUES (73,9,'2026-01-31',700.0,594.2,15.11,NULL,NULL,NULL);
INSERT OR IGNORE INTO roasting_logs (id,green_bean_id,roast_date,input_weight_g,output_weight_g,moisture_loss_pct,roast_level,notes,coffee_id) VALUES (74,9,'2026-01-31',700.0,594.9,15.01,NULL,NULL,NULL);
INSERT OR IGNORE INTO roasting_logs (id,green_bean_id,roast_date,input_weight_g,output_weight_g,moisture_loss_pct,roast_level,notes,coffee_id) VALUES (75,18,'2026-01-31',700.0,585.7,16.33,NULL,NULL,NULL);
INSERT OR IGNORE INTO roasting_logs (id,green_bean_id,roast_date,input_weight_g,output_weight_g,moisture_loss_pct,roast_level,notes,coffee_id) VALUES (76,18,'2026-01-31',700.0,585.5,16.36,NULL,NULL,NULL);
INSERT OR IGNORE INTO roasting_logs (id,green_bean_id,roast_date,input_weight_g,output_weight_g,moisture_loss_pct,roast_level,notes,coffee_id) VALUES (77,6,'2026-01-31',700.0,592.2,15.4,NULL,NULL,NULL);
INSERT OR IGNORE INTO roasting_logs (id,green_bean_id,roast_date,input_weight_g,output_weight_g,moisture_loss_pct,roast_level,notes,coffee_id) VALUES (78,6,'2026-01-31',700.0,591.3,15.53,NULL,NULL,NULL);
INSERT OR IGNORE INTO roasting_logs (id,green_bean_id,roast_date,input_weight_g,output_weight_g,moisture_loss_pct,roast_level,notes,coffee_id) VALUES (79,19,'2026-01-31',600.0,522.2,12.97,NULL,NULL,NULL);
INSERT OR IGNORE INTO roasting_logs (id,green_bean_id,roast_date,input_weight_g,output_weight_g,moisture_loss_pct,roast_level,notes,coffee_id) VALUES (80,8,'2026-01-31',600.0,509.2,15.13,NULL,NULL,NULL);
INSERT OR IGNORE INTO roasting_logs (id,green_bean_id,roast_date,input_weight_g,output_weight_g,moisture_loss_pct,roast_level,notes,coffee_id) VALUES (81,23,'2026-01-31',600.0,509.5,15.08,NULL,NULL,NULL);
INSERT OR IGNORE INTO roasting_logs (id,green_bean_id,roast_date,input_weight_g,output_weight_g,moisture_loss_pct,roast_level,notes,coffee_id) VALUES (82,20,'2026-01-31',600.0,517.8,13.7,NULL,NULL,NULL);
INSERT OR IGNORE INTO roasting_logs (id,green_bean_id,roast_date,input_weight_g,output_weight_g,moisture_loss_pct,roast_level,notes,coffee_id) VALUES (83,24,'2026-01-31',500.0,434.8,13.04,NULL,NULL,NULL);
INSERT OR IGNORE INTO roasting_logs (id,green_bean_id,roast_date,input_weight_g,output_weight_g,moisture_loss_pct,roast_level,notes,coffee_id) VALUES (84,4,'2026-01-31',450.0,398.4,11.47,NULL,NULL,NULL);
INSERT OR IGNORE INTO roasting_logs (id,green_bean_id,roast_date,input_weight_g,output_weight_g,moisture_loss_pct,roast_level,notes,coffee_id) VALUES (85,9,'2026-02-06',700.0,594.2,15.11,NULL,NULL,NULL);
INSERT OR IGNORE INTO roasting_logs (id,green_bean_id,roast_date,input_weight_g,output_weight_g,moisture_loss_pct,roast_level,notes,coffee_id) VALUES (86,9,'2026-02-06',700.0,594.4,15.09,NULL,NULL,NULL);
INSERT OR IGNORE INTO roasting_logs (id,green_bean_id,roast_date,input_weight_g,output_weight_g,moisture_loss_pct,roast_level,notes,coffee_id) VALUES (87,9,'2026-02-06',700.0,595.1,14.99,NULL,NULL,NULL);
INSERT OR IGNORE INTO roasting_logs (id,green_bean_id,roast_date,input_weight_g,output_weight_g,moisture_loss_pct,roast_level,notes,coffee_id) VALUES (88,9,'2026-02-06',700.0,594.7,15.04,NULL,NULL,NULL);
INSERT OR IGNORE INTO roasting_logs (id,green_bean_id,roast_date,input_weight_g,output_weight_g,moisture_loss_pct,roast_level,notes,coffee_id) VALUES (89,9,'2026-02-06',700.0,594.7,15.04,NULL,NULL,NULL);
INSERT OR IGNORE INTO roasting_logs (id,green_bean_id,roast_date,input_weight_g,output_weight_g,moisture_loss_pct,roast_level,notes,coffee_id) VALUES (90,9,'2026-02-06',700.0,594.8,15.03,NULL,NULL,NULL);
INSERT OR IGNORE INTO roasting_logs (id,green_bean_id,roast_date,input_weight_g,output_weight_g,moisture_loss_pct,roast_level,notes,coffee_id) VALUES (91,18,'2026-02-07',700.0,582.0,16.86,NULL,NULL,NULL);
INSERT OR IGNORE INTO roasting_logs (id,green_bean_id,roast_date,input_weight_g,output_weight_g,moisture_loss_pct,roast_level,notes,coffee_id) VALUES (92,18,'2026-02-07',700.0,582.5,16.79,NULL,NULL,NULL);
INSERT OR IGNORE INTO roasting_logs (id,green_bean_id,roast_date,input_weight_g,output_weight_g,moisture_loss_pct,roast_level,notes,coffee_id) VALUES (93,18,'2026-02-07',700.0,583.7,16.61,NULL,NULL,NULL);
INSERT OR IGNORE INTO roasting_logs (id,green_bean_id,roast_date,input_weight_g,output_weight_g,moisture_loss_pct,roast_level,notes,coffee_id) VALUES (94,6,'2026-02-07',700.0,593.2,15.26,NULL,NULL,NULL);
INSERT OR IGNORE INTO roasting_logs (id,green_bean_id,roast_date,input_weight_g,output_weight_g,moisture_loss_pct,roast_level,notes,coffee_id) VALUES (95,6,'2026-02-07',700.0,592.0,15.43,NULL,NULL,NULL);
INSERT OR IGNORE INTO roasting_logs (id,green_bean_id,roast_date,input_weight_g,output_weight_g,moisture_loss_pct,roast_level,notes,coffee_id) VALUES (96,6,'2026-02-07',700.0,591.7,15.47,NULL,NULL,NULL);
INSERT OR IGNORE INTO roasting_logs (id,green_bean_id,roast_date,input_weight_g,output_weight_g,moisture_loss_pct,roast_level,notes,coffee_id) VALUES (97,2,'2026-02-06',600.0,519.4,13.43,NULL,NULL,NULL);
INSERT OR IGNORE INTO roasting_logs (id,green_bean_id,roast_date,input_weight_g,output_weight_g,moisture_loss_pct,roast_level,notes,coffee_id) VALUES (98,23,'2026-02-07',600.0,509.6,15.07,NULL,NULL,NULL);
INSERT OR IGNORE INTO roasting_logs (id,green_bean_id,roast_date,input_weight_g,output_weight_g,moisture_loss_pct,roast_level,notes,coffee_id) VALUES (99,5,'2026-02-07',600.0,513.6,14.4,NULL,NULL,NULL);
INSERT OR IGNORE INTO roasting_logs (id,green_bean_id,roast_date,input_weight_g,output_weight_g,moisture_loss_pct,roast_level,notes,coffee_id) VALUES (100,7,'2026-02-07',600.0,515.9,14.02,NULL,NULL,NULL);
INSERT OR IGNORE INTO roasting_logs (id,green_bean_id,roast_date,input_weight_g,output_weight_g,moisture_loss_pct,roast_level,notes,coffee_id) VALUES (101,17,'2026-02-07',417.0,360.8,13.48,NULL,NULL,NULL);
INSERT OR IGNORE INTO roasting_logs (id,green_bean_id,roast_date,input_weight_g,output_weight_g,moisture_loss_pct,roast_level,notes,coffee_id) VALUES (102,3,'2026-01-07',600.0,510.4,14.93,NULL,NULL,NULL);
INSERT OR IGNORE INTO roasting_logs (id,green_bean_id,roast_date,input_weight_g,output_weight_g,moisture_loss_pct,roast_level,notes,coffee_id) VALUES (103,9,'2026-02-11',700.1,594.7,15.05,NULL,NULL,NULL);
INSERT OR IGNORE INTO roasting_logs (id,green_bean_id,roast_date,input_weight_g,output_weight_g,moisture_loss_pct,roast_level,notes,coffee_id) VALUES (104,9,'2026-02-11',700.1,594.7,15.05,NULL,NULL,NULL);
INSERT OR IGNORE INTO roasting_logs (id,green_bean_id,roast_date,input_weight_g,output_weight_g,moisture_loss_pct,roast_level,notes,coffee_id) VALUES (105,9,'2026-02-11',700.1,595.8,14.9,NULL,NULL,NULL);
INSERT OR IGNORE INTO roasting_logs (id,green_bean_id,roast_date,input_weight_g,output_weight_g,moisture_loss_pct,roast_level,notes,coffee_id) VALUES (106,9,'2026-02-11',700.1,595.2,14.98,NULL,NULL,NULL);
INSERT OR IGNORE INTO roasting_logs (id,green_bean_id,roast_date,input_weight_g,output_weight_g,moisture_loss_pct,roast_level,notes,coffee_id) VALUES (107,6,'2026-02-11',700.0,589.8,15.74,NULL,NULL,NULL);
INSERT OR IGNORE INTO roasting_logs (id,green_bean_id,roast_date,input_weight_g,output_weight_g,moisture_loss_pct,roast_level,notes,coffee_id) VALUES (108,6,'2026-02-11',700.0,590.2,15.69,NULL,NULL,NULL);
INSERT OR IGNORE INTO roasting_logs (id,green_bean_id,roast_date,input_weight_g,output_weight_g,moisture_loss_pct,roast_level,notes,coffee_id) VALUES (109,18,'2026-02-11',700.2,584.9,16.47,NULL,NULL,NULL);
INSERT OR IGNORE INTO roasting_logs (id,green_bean_id,roast_date,input_weight_g,output_weight_g,moisture_loss_pct,roast_level,notes,coffee_id) VALUES (110,18,'2026-02-11',700.0,584.2,16.54,NULL,NULL,NULL);
INSERT OR IGNORE INTO roasting_logs (id,green_bean_id,roast_date,input_weight_g,output_weight_g,moisture_loss_pct,roast_level,notes,coffee_id) VALUES (111,9,'2026-02-13',700.0,593.6,15.2,NULL,NULL,NULL);
INSERT OR IGNORE INTO roasting_logs (id,green_bean_id,roast_date,input_weight_g,output_weight_g,moisture_loss_pct,roast_level,notes,coffee_id) VALUES (112,9,'2026-02-13',700.0,592.0,15.43,NULL,NULL,NULL);
INSERT OR IGNORE INTO roasting_logs (id,green_bean_id,roast_date,input_weight_g,output_weight_g,moisture_loss_pct,roast_level,notes,coffee_id) VALUES (113,18,'2026-02-13',700.0,584.0,16.57,NULL,NULL,NULL);
INSERT OR IGNORE INTO roasting_logs (id,green_bean_id,roast_date,input_weight_g,output_weight_g,moisture_loss_pct,roast_level,notes,coffee_id) VALUES (114,6,'2026-02-13',700.0,591.1,15.56,NULL,NULL,NULL);
INSERT OR IGNORE INTO roasting_logs (id,green_bean_id,roast_date,input_weight_g,output_weight_g,moisture_loss_pct,roast_level,notes,coffee_id) VALUES (115,9,'2026-02-13',700.0,591.5,15.5,NULL,NULL,NULL);
INSERT OR IGNORE INTO roasting_logs (id,green_bean_id,roast_date,input_weight_g,output_weight_g,moisture_loss_pct,roast_level,notes,coffee_id) VALUES (116,19,'2026-02-14',470.0,403.0,14.26,NULL,NULL,NULL);
INSERT OR IGNORE INTO roasting_logs (id,green_bean_id,roast_date,input_weight_g,output_weight_g,moisture_loss_pct,roast_level,notes,coffee_id) VALUES (117,8,'2026-02-14',600.0,515.5,14.08,NULL,NULL,NULL);
INSERT OR IGNORE INTO roasting_logs (id,green_bean_id,roast_date,input_weight_g,output_weight_g,moisture_loss_pct,roast_level,notes,coffee_id) VALUES (118,8,'2026-02-14',700.0,604.5,13.64,NULL,NULL,NULL);
INSERT OR IGNORE INTO roasting_logs (id,green_bean_id,roast_date,input_weight_g,output_weight_g,moisture_loss_pct,roast_level,notes,coffee_id) VALUES (119,8,'2026-02-14',710.0,614.1,13.51,NULL,NULL,NULL);
INSERT OR IGNORE INTO roasting_logs (id,green_bean_id,roast_date,input_weight_g,output_weight_g,moisture_loss_pct,roast_level,notes,coffee_id) VALUES (120,19,'2026-02-14',444.0,381.0,14.19,NULL,NULL,NULL);
INSERT OR IGNORE INTO roasting_logs (id,green_bean_id,roast_date,input_weight_g,output_weight_g,moisture_loss_pct,roast_level,notes,coffee_id) VALUES (121,7,'2026-02-14',715.0,618.2,13.54,NULL,NULL,NULL);
INSERT OR IGNORE INTO roasting_logs (id,green_bean_id,roast_date,input_weight_g,output_weight_g,moisture_loss_pct,roast_level,notes,coffee_id) VALUES (122,7,'2026-02-14',737.8,628.2,14.85,NULL,NULL,NULL);
INSERT OR IGNORE INTO roasting_logs (id,green_bean_id,roast_date,input_weight_g,output_weight_g,moisture_loss_pct,roast_level,notes,coffee_id) VALUES (123,5,'2026-02-14',600.0,515.2,14.13,NULL,NULL,NULL);
INSERT OR IGNORE INTO roasting_logs (id,green_bean_id,roast_date,input_weight_g,output_weight_g,moisture_loss_pct,roast_level,notes,coffee_id) VALUES (124,13,'2026-02-14',600.0,506.0,15.67,NULL,NULL,NULL);
INSERT OR IGNORE INTO roasting_logs (id,green_bean_id,roast_date,input_weight_g,output_weight_g,moisture_loss_pct,roast_level,notes,coffee_id) VALUES (125,23,'2026-02-14',600.0,510.6,14.9,NULL,NULL,NULL);
INSERT OR IGNORE INTO roasting_logs (id,green_bean_id,roast_date,input_weight_g,output_weight_g,moisture_loss_pct,roast_level,notes,coffee_id) VALUES (126,20,'2026-02-14',700.0,609.9,12.87,NULL,NULL,NULL);
INSERT OR IGNORE INTO roasting_logs (id,green_bean_id,roast_date,input_weight_g,output_weight_g,moisture_loss_pct,roast_level,notes,coffee_id) VALUES (127,3,'2026-02-14',600.0,505.7,15.72,NULL,NULL,NULL);
INSERT OR IGNORE INTO roasting_logs (id,green_bean_id,roast_date,input_weight_g,output_weight_g,moisture_loss_pct,roast_level,notes,coffee_id) VALUES (128,3,'2026-02-14',600.0,505.5,15.75,NULL,NULL,NULL);
INSERT OR IGNORE INTO roasting_logs (id,green_bean_id,roast_date,input_weight_g,output_weight_g,moisture_loss_pct,roast_level,notes,coffee_id) VALUES (129,15,'2026-02-14',500.0,436.2,12.76,NULL,NULL,NULL);
INSERT OR IGNORE INTO roasting_logs (id,green_bean_id,roast_date,input_weight_g,output_weight_g,moisture_loss_pct,roast_level,notes,coffee_id) VALUES (130,15,'2026-02-14',381.6,333.0,12.74,NULL,NULL,NULL);
INSERT OR IGNORE INTO roasting_logs (id,green_bean_id,roast_date,input_weight_g,output_weight_g,moisture_loss_pct,roast_level,notes,coffee_id) VALUES (131,4,'2026-02-14',461.4,405.8,12.05,NULL,NULL,NULL);
INSERT OR IGNORE INTO roasting_logs (id,green_bean_id,roast_date,input_weight_g,output_weight_g,moisture_loss_pct,roast_level,notes,coffee_id) VALUES (132,9,'2026-03-31',700.0,595.1,14.99,NULL,NULL,NULL);
INSERT OR IGNORE INTO roasting_logs (id,green_bean_id,roast_date,input_weight_g,output_weight_g,moisture_loss_pct,roast_level,notes,coffee_id) VALUES (133,9,'2026-03-31',700.0,591.4,15.51,NULL,NULL,NULL);
INSERT OR IGNORE INTO roasting_logs (id,green_bean_id,roast_date,input_weight_g,output_weight_g,moisture_loss_pct,roast_level,notes,coffee_id) VALUES (134,9,'2026-03-31',700.0,591.9,15.44,NULL,NULL,NULL);
INSERT OR IGNORE INTO roasting_logs (id,green_bean_id,roast_date,input_weight_g,output_weight_g,moisture_loss_pct,roast_level,notes,coffee_id) VALUES (135,9,'2026-03-31',700.0,591.7,15.47,NULL,NULL,NULL);
INSERT OR IGNORE INTO roasting_logs (id,green_bean_id,roast_date,input_weight_g,output_weight_g,moisture_loss_pct,roast_level,notes,coffee_id) VALUES (136,9,'2026-03-31',700.0,591.9,15.44,NULL,NULL,NULL);
INSERT OR IGNORE INTO roasting_logs (id,green_bean_id,roast_date,input_weight_g,output_weight_g,moisture_loss_pct,roast_level,notes,coffee_id) VALUES (137,9,'2026-03-31',700.0,591.9,15.44,NULL,NULL,NULL);
INSERT OR IGNORE INTO roasting_logs (id,green_bean_id,roast_date,input_weight_g,output_weight_g,moisture_loss_pct,roast_level,notes,coffee_id) VALUES (138,6,'2026-03-31',700.0,586.7,16.19,NULL,NULL,NULL);
INSERT OR IGNORE INTO roasting_logs (id,green_bean_id,roast_date,input_weight_g,output_weight_g,moisture_loss_pct,roast_level,notes,coffee_id) VALUES (139,6,'2026-03-31',700.0,585.8,16.31,NULL,NULL,NULL);
INSERT OR IGNORE INTO roasting_logs (id,green_bean_id,roast_date,input_weight_g,output_weight_g,moisture_loss_pct,roast_level,notes,coffee_id) VALUES (140,6,'2026-03-31',700.0,585.9,16.3,NULL,NULL,NULL);
INSERT OR IGNORE INTO roasting_logs (id,green_bean_id,roast_date,input_weight_g,output_weight_g,moisture_loss_pct,roast_level,notes,coffee_id) VALUES (141,18,'2026-03-31',700.0,590.9,15.59,NULL,NULL,NULL);
INSERT OR IGNORE INTO roasting_logs (id,green_bean_id,roast_date,input_weight_g,output_weight_g,moisture_loss_pct,roast_level,notes,coffee_id) VALUES (142,18,'2026-03-31',700.0,590.0,15.71,NULL,NULL,NULL);
INSERT OR IGNORE INTO roasting_logs (id,green_bean_id,roast_date,input_weight_g,output_weight_g,moisture_loss_pct,roast_level,notes,coffee_id) VALUES (143,18,'2026-03-31',700.0,590.0,15.71,NULL,NULL,NULL);
INSERT OR IGNORE INTO roasting_logs (id,green_bean_id,roast_date,input_weight_g,output_weight_g,moisture_loss_pct,roast_level,notes,coffee_id) VALUES (144,24,'2026-03-31',500.0,432.8,13.44,NULL,NULL,NULL);
INSERT OR IGNORE INTO roasting_logs (id,green_bean_id,roast_date,input_weight_g,output_weight_g,moisture_loss_pct,roast_level,notes,coffee_id) VALUES (145,24,'2026-03-31',506.0,438.2,13.4,NULL,NULL,NULL);
INSERT OR IGNORE INTO roasting_logs (id,green_bean_id,roast_date,input_weight_g,output_weight_g,moisture_loss_pct,roast_level,notes,coffee_id) VALUES (146,24,'2026-03-31',506.5,438.7,13.39,NULL,NULL,NULL);
INSERT OR IGNORE INTO roasting_logs (id,green_bean_id,roast_date,input_weight_g,output_weight_g,moisture_loss_pct,roast_level,notes,coffee_id) VALUES (147,7,'2026-03-31',700.0,605.5,13.5,NULL,NULL,NULL);
INSERT OR IGNORE INTO roasting_logs (id,green_bean_id,roast_date,input_weight_g,output_weight_g,moisture_loss_pct,roast_level,notes,coffee_id) VALUES (148,7,'2026-03-31',700.0,605.1,13.56,NULL,NULL,NULL);
INSERT OR IGNORE INTO roasting_logs (id,green_bean_id,roast_date,input_weight_g,output_weight_g,moisture_loss_pct,roast_level,notes,coffee_id) VALUES (149,20,'2026-03-31',700.0,609.0,13.0,NULL,NULL,NULL);
INSERT OR IGNORE INTO roasting_logs (id,green_bean_id,roast_date,input_weight_g,output_weight_g,moisture_loss_pct,roast_level,notes,coffee_id) VALUES (150,20,'2026-03-31',700.0,604.7,13.61,NULL,NULL,NULL);
INSERT OR IGNORE INTO roasting_logs (id,green_bean_id,roast_date,input_weight_g,output_weight_g,moisture_loss_pct,roast_level,notes,coffee_id) VALUES (151,20,'2026-03-31',700.0,604.7,13.61,NULL,NULL,NULL);
INSERT OR IGNORE INTO roasting_logs (id,green_bean_id,roast_date,input_weight_g,output_weight_g,moisture_loss_pct,roast_level,notes,coffee_id) VALUES (152,23,'2026-04-02',700.0,597.4,14.66,NULL,NULL,NULL);
INSERT OR IGNORE INTO roasting_logs (id,green_bean_id,roast_date,input_weight_g,output_weight_g,moisture_loss_pct,roast_level,notes,coffee_id) VALUES (153,23,'2026-04-02',700.0,597.9,14.59,NULL,NULL,NULL);
INSERT OR IGNORE INTO roasting_logs (id,green_bean_id,roast_date,input_weight_g,output_weight_g,moisture_loss_pct,roast_level,notes,coffee_id) VALUES (154,23,'2026-04-02',700.0,598.5,14.5,NULL,NULL,NULL);
INSERT OR IGNORE INTO roasting_logs (id,green_bean_id,roast_date,input_weight_g,output_weight_g,moisture_loss_pct,roast_level,notes,coffee_id) VALUES (155,10,'2026-04-02',500.0,423.3,15.34,NULL,NULL,NULL);
INSERT OR IGNORE INTO roasting_logs (id,green_bean_id,roast_date,input_weight_g,output_weight_g,moisture_loss_pct,roast_level,notes,coffee_id) VALUES (156,10,'2026-04-02',510.0,431.2,15.45,NULL,NULL,NULL);
INSERT OR IGNORE INTO roasting_logs (id,green_bean_id,roast_date,input_weight_g,output_weight_g,moisture_loss_pct,roast_level,notes,coffee_id) VALUES (157,15,'2026-04-02',700.0,612.6,12.49,NULL,NULL,NULL);
INSERT OR IGNORE INTO roasting_logs (id,green_bean_id,roast_date,input_weight_g,output_weight_g,moisture_loss_pct,roast_level,notes,coffee_id) VALUES (158,15,'2026-04-02',700.0,611.4,12.66,NULL,NULL,NULL);
INSERT OR IGNORE INTO roasting_logs (id,green_bean_id,roast_date,input_weight_g,output_weight_g,moisture_loss_pct,roast_level,notes,coffee_id) VALUES (159,9,'2026-04-04',700.0,594.9,15.01,NULL,NULL,NULL);
INSERT OR IGNORE INTO roasting_logs (id,green_bean_id,roast_date,input_weight_g,output_weight_g,moisture_loss_pct,roast_level,notes,coffee_id) VALUES (160,9,'2026-04-04',700.0,594.4,15.09,NULL,NULL,NULL);
INSERT OR IGNORE INTO roasting_logs (id,green_bean_id,roast_date,input_weight_g,output_weight_g,moisture_loss_pct,roast_level,notes,coffee_id) VALUES (161,9,'2026-04-04',700.0,594.9,15.01,NULL,NULL,NULL);
INSERT OR IGNORE INTO roasting_logs (id,green_bean_id,roast_date,input_weight_g,output_weight_g,moisture_loss_pct,roast_level,notes,coffee_id) VALUES (162,9,'2026-04-04',700.0,596.1,14.84,NULL,NULL,NULL);
INSERT OR IGNORE INTO roasting_logs (id,green_bean_id,roast_date,input_weight_g,output_weight_g,moisture_loss_pct,roast_level,notes,coffee_id) VALUES (163,18,'2026-04-04',700.0,577.7,17.47,NULL,NULL,NULL);
INSERT OR IGNORE INTO roasting_logs (id,green_bean_id,roast_date,input_weight_g,output_weight_g,moisture_loss_pct,roast_level,notes,coffee_id) VALUES (164,18,'2026-04-04',700.0,577.7,17.47,NULL,NULL,NULL);
INSERT OR IGNORE INTO roasting_logs (id,green_bean_id,roast_date,input_weight_g,output_weight_g,moisture_loss_pct,roast_level,notes,coffee_id) VALUES (165,6,'2026-04-04',700.0,594.0,15.14,NULL,NULL,NULL);
INSERT OR IGNORE INTO roasting_logs (id,green_bean_id,roast_date,input_weight_g,output_weight_g,moisture_loss_pct,roast_level,notes,coffee_id) VALUES (166,6,'2026-04-04',700.0,593.1,15.27,NULL,NULL,NULL);
INSERT OR IGNORE INTO roasting_logs (id,green_bean_id,roast_date,input_weight_g,output_weight_g,moisture_loss_pct,roast_level,notes,coffee_id) VALUES (167,2,'2026-04-04',700.0,604.4,13.66,NULL,NULL,NULL);
INSERT OR IGNORE INTO roasting_logs (id,green_bean_id,roast_date,input_weight_g,output_weight_g,moisture_loss_pct,roast_level,notes,coffee_id) VALUES (168,2,'2026-04-04',700.0,604.0,13.71,NULL,NULL,NULL);
INSERT OR IGNORE INTO roasting_logs (id,green_bean_id,roast_date,input_weight_g,output_weight_g,moisture_loss_pct,roast_level,notes,coffee_id) VALUES (169,9,'2026-04-08',700.0,594.1,15.13,NULL,NULL,NULL);
INSERT OR IGNORE INTO roasting_logs (id,green_bean_id,roast_date,input_weight_g,output_weight_g,moisture_loss_pct,roast_level,notes,coffee_id) VALUES (170,9,'2026-04-08',700.0,594.3,15.1,NULL,NULL,NULL);
INSERT OR IGNORE INTO roasting_logs (id,green_bean_id,roast_date,input_weight_g,output_weight_g,moisture_loss_pct,roast_level,notes,coffee_id) VALUES (171,9,'2026-04-08',700.0,595.0,15.0,NULL,NULL,NULL);
INSERT OR IGNORE INTO roasting_logs (id,green_bean_id,roast_date,input_weight_g,output_weight_g,moisture_loss_pct,roast_level,notes,coffee_id) VALUES (172,9,'2026-04-08',700.0,595.3,14.96,NULL,NULL,NULL);
INSERT OR IGNORE INTO roasting_logs (id,green_bean_id,roast_date,input_weight_g,output_weight_g,moisture_loss_pct,roast_level,notes,coffee_id) VALUES (173,18,'2026-04-08',700.0,577.4,17.51,NULL,NULL,NULL);
INSERT OR IGNORE INTO roasting_logs (id,green_bean_id,roast_date,input_weight_g,output_weight_g,moisture_loss_pct,roast_level,notes,coffee_id) VALUES (174,18,'2026-04-08',700.0,577.7,17.47,NULL,NULL,NULL);
INSERT OR IGNORE INTO roasting_logs (id,green_bean_id,roast_date,input_weight_g,output_weight_g,moisture_loss_pct,roast_level,notes,coffee_id) VALUES (175,6,'2026-04-08',700.0,592.9,15.3,NULL,NULL,NULL);
INSERT OR IGNORE INTO roasting_logs (id,green_bean_id,roast_date,input_weight_g,output_weight_g,moisture_loss_pct,roast_level,notes,coffee_id) VALUES (176,6,'2026-04-08',700.0,592.7,15.33,NULL,NULL,NULL);
INSERT OR IGNORE INTO roasting_logs (id,green_bean_id,roast_date,input_weight_g,output_weight_g,moisture_loss_pct,roast_level,notes,coffee_id) VALUES (177,9,'2026-04-08',470.0,395.3,15.89,NULL,NULL,NULL);
INSERT OR IGNORE INTO roasting_logs (id,green_bean_id,roast_date,input_weight_g,output_weight_g,moisture_loss_pct,roast_level,notes,coffee_id) VALUES (178,18,'2026-04-08',467.0,395.3,15.35,NULL,NULL,NULL);
INSERT OR IGNORE INTO roasting_logs (id,green_bean_id,roast_date,input_weight_g,output_weight_g,moisture_loss_pct,roast_level,notes,coffee_id) VALUES (179,27,'2026-04-08',700.0,584.4,16.51,NULL,NULL,NULL);
INSERT OR IGNORE INTO roasting_logs (id,green_bean_id,roast_date,input_weight_g,output_weight_g,moisture_loss_pct,roast_level,notes,coffee_id) VALUES (180,27,'2026-04-08',700.0,584.9,16.44,NULL,NULL,NULL);
INSERT OR IGNORE INTO roasting_logs (id,green_bean_id,roast_date,input_weight_g,output_weight_g,moisture_loss_pct,roast_level,notes,coffee_id) VALUES (181,12,'2026-04-08',700.0,624.0,10.86,NULL,NULL,NULL);
INSERT OR IGNORE INTO roasting_logs (id,green_bean_id,roast_date,input_weight_g,output_weight_g,moisture_loss_pct,roast_level,notes,coffee_id) VALUES (182,5,'2026-04-08',700.0,602.7,13.9,NULL,NULL,NULL);
INSERT OR IGNORE INTO roasting_logs (id,green_bean_id,roast_date,input_weight_g,output_weight_g,moisture_loss_pct,roast_level,notes,coffee_id) VALUES (183,14,'2026-04-08',600.0,519.1,13.48,NULL,NULL,NULL);
INSERT OR IGNORE INTO roasting_logs (id,green_bean_id,roast_date,input_weight_g,output_weight_g,moisture_loss_pct,roast_level,notes,coffee_id) VALUES (184,28,'2026-04-11',700.0,564.6,19.34,NULL,NULL,NULL);
INSERT OR IGNORE INTO roasting_logs (id,green_bean_id,roast_date,input_weight_g,output_weight_g,moisture_loss_pct,roast_level,notes,coffee_id) VALUES (185,28,'2026-04-11',700.0,564.6,19.34,NULL,NULL,NULL);
INSERT OR IGNORE INTO roasting_logs (id,green_bean_id,roast_date,input_weight_g,output_weight_g,moisture_loss_pct,roast_level,notes,coffee_id) VALUES (186,28,'2026-04-11',700.0,566.3,19.1,NULL,NULL,NULL);
INSERT OR IGNORE INTO roasting_logs (id,green_bean_id,roast_date,input_weight_g,output_weight_g,moisture_loss_pct,roast_level,notes,coffee_id) VALUES (187,13,'2026-04-11',700.0,594.4,15.09,NULL,NULL,NULL);
INSERT OR IGNORE INTO roasting_logs (id,green_bean_id,roast_date,input_weight_g,output_weight_g,moisture_loss_pct,roast_level,notes,coffee_id) VALUES (188,13,'2026-04-11',700.0,593.3,15.24,NULL,NULL,NULL);
INSERT OR IGNORE INTO roasting_logs (id,green_bean_id,roast_date,input_weight_g,output_weight_g,moisture_loss_pct,roast_level,notes,coffee_id) VALUES (189,13,'2026-04-11',700.0,591.8,15.46,NULL,NULL,NULL);
INSERT OR IGNORE INTO roasting_logs (id,green_bean_id,roast_date,input_weight_g,output_weight_g,moisture_loss_pct,roast_level,notes,coffee_id) VALUES (190,9,'2026-04-12',700.0,592.4,15.37,NULL,NULL,NULL);
INSERT OR IGNORE INTO roasting_logs (id,green_bean_id,roast_date,input_weight_g,output_weight_g,moisture_loss_pct,roast_level,notes,coffee_id) VALUES (191,9,'2026-04-12',700.0,590.9,15.59,NULL,NULL,NULL);
INSERT OR IGNORE INTO roasting_logs (id,green_bean_id,roast_date,input_weight_g,output_weight_g,moisture_loss_pct,roast_level,notes,coffee_id) VALUES (192,9,'2026-04-12',700.0,595.2,14.97,NULL,NULL,NULL);
INSERT OR IGNORE INTO roasting_logs (id,green_bean_id,roast_date,input_weight_g,output_weight_g,moisture_loss_pct,roast_level,notes,coffee_id) VALUES (193,9,'2026-04-12',700.0,594.5,15.07,NULL,NULL,NULL);
INSERT OR IGNORE INTO roasting_logs (id,green_bean_id,roast_date,input_weight_g,output_weight_g,moisture_loss_pct,roast_level,notes,coffee_id) VALUES (194,9,'2026-04-12',700.0,593.3,15.24,NULL,NULL,NULL);
INSERT OR IGNORE INTO roasting_logs (id,green_bean_id,roast_date,input_weight_g,output_weight_g,moisture_loss_pct,roast_level,notes,coffee_id) VALUES (195,9,'2026-04-12',700.0,595.4,14.94,NULL,NULL,NULL);
INSERT OR IGNORE INTO roasting_logs (id,green_bean_id,roast_date,input_weight_g,output_weight_g,moisture_loss_pct,roast_level,notes,coffee_id) VALUES (196,9,'2026-04-12',700.0,595.4,14.94,NULL,NULL,NULL);
INSERT OR IGNORE INTO roasting_logs (id,green_bean_id,roast_date,input_weight_g,output_weight_g,moisture_loss_pct,roast_level,notes,coffee_id) VALUES (197,9,'2026-04-12',700.0,594.7,15.04,NULL,NULL,NULL);
INSERT OR IGNORE INTO roasting_logs (id,green_bean_id,roast_date,input_weight_g,output_weight_g,moisture_loss_pct,roast_level,notes,coffee_id) VALUES (198,18,'2026-04-12',700.0,578.1,17.41,NULL,NULL,NULL);
INSERT OR IGNORE INTO roasting_logs (id,green_bean_id,roast_date,input_weight_g,output_weight_g,moisture_loss_pct,roast_level,notes,coffee_id) VALUES (199,18,'2026-04-12',700.0,578.6,17.34,NULL,NULL,NULL);
INSERT OR IGNORE INTO roasting_logs (id,green_bean_id,roast_date,input_weight_g,output_weight_g,moisture_loss_pct,roast_level,notes,coffee_id) VALUES (200,18,'2026-04-12',700.0,578.6,17.34,NULL,NULL,NULL);
INSERT OR IGNORE INTO roasting_logs (id,green_bean_id,roast_date,input_weight_g,output_weight_g,moisture_loss_pct,roast_level,notes,coffee_id) VALUES (201,18,'2026-04-12',700.0,578.3,17.39,NULL,NULL,NULL);
INSERT OR IGNORE INTO roasting_logs (id,green_bean_id,roast_date,input_weight_g,output_weight_g,moisture_loss_pct,roast_level,notes,coffee_id) VALUES (202,6,'2026-04-12',700.0,594.2,15.11,NULL,NULL,NULL);
INSERT OR IGNORE INTO roasting_logs (id,green_bean_id,roast_date,input_weight_g,output_weight_g,moisture_loss_pct,roast_level,notes,coffee_id) VALUES (203,6,'2026-04-12',700.0,593.8,15.17,NULL,NULL,NULL);